Id,MSSubClass,MSZoning,LotFrontage,LotArea,Street,Alley,LotShape,LandContour,Utilities,LotConfig,LandSlope,Neighborhood,Condition1,Condition2,BldgType,HouseStyle,OverallQual,OverallCond,YearBuilt,YearRemodAdd,RoofStyle,RoofMatl,Exterior1st,Exterior2nd,MasVnrType,MasVnrArea,ExterQual,ExterCond,Foundation,BsmtQual,BsmtCond,BsmtExposure,BsmtFinType1,BsmtFinSF1,BsmtFinType2,BsmtFinSF2,BsmtUnfSF,TotalBsmtSF,Heating,HeatingQC,CentralAir,Electrical,1stFlrSF,2ndFlrSF,LowQualFinSF,GrLivArea,BsmtFullBath,BsmtHalfBath,FullBath,HalfBath,BedroomAbvGr,KitchenAbvGr,KitchenQual,TotRmsAbvGrd,Functional,Fireplaces,FireplaceQu,GarageType,GarageYrBlt,GarageFinish,GarageCars,GarageArea,GarageQual,GarageCond,PavedDrive,WoodDeckSF,OpenPorchSF,EnclosedPorch,3SsnPorch,ScreenPorch,PoolArea,PoolQC,Fence,MiscFeature,MiscVal,MoSold,YrSold,SaleType,SaleCondition,SalePrice,DataType
1,60,3,65.0,8450,1,2,3,3,0,4,0,5,2,2,0,5,7,5,2003,2003,1,1,12,13,1,196.0,2,4,2,2,3,3,2,706,5,0,150,856,1,0,1,4,856,854,0,1710,1,0,2,1,3,1,2,8,6,0,5,1,2003.0,1,2,548,4,4,2,0,61,0,0,0,0,3,4,4,0,2,2008,8,4,208500,Train
3,60,3,68.0,11250,1,2,0,3,0,4,0,5,2,2,0,5,7,5,2001,2002,1,1,12,13,1,162.0,2,4,2,2,3,2,2,486,5,0,434,920,1,0,1,4,920,866,0,1786,1,0,2,1,3,1,2,6,6,1,4,1,2001.0,1,2,608,4,4,2,0,42,0,0,0,0,3,4,4,0,9,2008,8,4,223500,Train
58,60,3,89.0,11645,1,2,0,3,0,0,0,5,2,2,0,5,7,5,2004,2004,1,1,12,13,3,0.0,2,4,2,2,3,3,5,0,5,0,860,860,1,0,1,4,860,860,0,1720,0,0,2,1,3,1,2,7,6,0,5,1,2004.0,1,2,565,4,4,2,0,70,0,0,0,0,3,4,4,0,8,2006,8,4,196500,Train
72,20,3,69.0,7599,1,2,3,3,0,0,0,11,2,2,0,2,4,6,1982,2006,1,1,6,10,3,0.0,3,4,1,3,3,3,0,565,5,0,280,845,1,4,1,4,845,0,0,845,1,0,1,0,2,1,3,4,6,0,5,5,1987.0,2,2,360,4,4,2,0,0,0,0,0,0,3,4,4,0,6,2007,8,4,129500,Train
101,20,3,,10603,1,2,0,3,0,4,0,14,2,2,0,2,6,7,1977,2001,1,1,9,10,1,28.0,3,4,2,3,3,2,0,1200,5,0,410,1610,1,2,1,4,1610,0,0,1610,1,0,2,0,3,1,2,6,6,2,4,1,1977.0,1,2,480,4,4,2,168,68,0,0,0,0,3,4,4,0,2,2010,8,4,205000,Train
102,60,3,77.0,9206,1,2,3,3,0,4,0,20,2,2,0,5,6,5,1985,1985,1,1,6,6,1,336.0,2,4,1,2,3,3,5,0,5,0,741,741,1,4,1,4,977,755,0,1732,0,0,2,1,3,1,2,7,6,1,4,1,1985.0,0,2,476,4,4,2,192,46,0,0,0,0,3,4,4,0,6,2010,8,4,178000,Test
104,20,3,94.0,10402,1,2,0,3,0,0,0,5,2,2,0,2,7,5,2009,2009,1,1,12,13,3,0.0,3,4,2,2,3,3,5,0,5,0,1226,1226,1,0,1,4,1226,0,0,1226,0,0,2,0,3,1,2,6,6,0,5,1,2009.0,1,3,740,4,4,2,0,36,0,0,0,0,3,4,4,0,5,2010,8,4,198900,Train
112,80,3,,7750,1,2,0,3,0,4,0,8,2,2,0,7,7,5,2000,2000,1,1,12,13,3,0.0,3,4,2,2,3,3,2,250,5,0,134,384,1,0,1,4,774,656,0,1430,0,0,2,1,3,1,3,7,6,1,4,3,2000.0,0,2,400,4,4,2,180,0,0,0,0,0,3,4,4,0,4,2010,8,4,180000,Test
132,60,3,,12224,1,2,0,3,0,0,0,8,2,2,0,5,6,5,2000,2000,1,1,12,13,1,40.0,2,4,2,2,3,3,2,695,5,0,297,992,1,0,1,4,1022,1032,0,2054,1,0,2,1,3,1,2,7,6,1,4,3,2000.0,1,2,390,4,4,2,24,48,0,0,0,0,3,4,4,0,7,2009,8,4,244000,Train
133,20,3,75.0,7388,1,2,3,3,0,0,0,12,2,2,0,2,5,6,1959,2002,1,1,8,8,3,0.0,3,4,1,3,3,3,4,405,5,0,658,1063,1,2,1,4,1327,0,0,1327,1,0,1,0,3,1,2,7,6,0,5,5,1974.0,2,2,624,4,4,2,0,0,0,0,0,0,3,4,4,0,7,2007,8,4,150750,Train
137,20,3,,10355,1,2,0,3,0,0,0,12,2,2,0,2,5,5,1967,1967,1,1,8,8,1,196.0,3,4,1,3,3,3,1,695,5,0,519,1214,1,4,1,4,1214,0,0,1214,0,0,2,0,3,1,3,5,6,1,1,1,1967.0,1,1,318,4,4,2,0,111,0,0,0,0,3,4,4,0,7,2007,8,4,143000,Train
144,20,3,78.0,10335,1,2,0,3,0,4,0,5,2,2,0,2,7,5,1999,1999,1,1,12,13,1,183.0,2,4,2,2,3,1,2,679,5,0,811,1490,1,0,1,4,1501,0,0,1501,1,0,2,0,3,1,2,6,6,0,5,1,1999.0,1,2,577,4,4,2,144,29,0,0,0,0,3,4,4,0,6,2009,8,4,204000,Train
148,60,3,,9505,1,2,0,3,0,1,0,8,2,2,0,5,7,5,2001,2001,1,1,12,13,1,180.0,2,4,2,2,3,3,5,0,5,0,884,884,1,0,1,4,884,1151,0,2035,0,0,2,1,3,1,2,8,6,1,2,3,2001.0,0,2,434,4,4,2,144,48,0,0,0,0,3,4,4,0,5,2010,8,4,222500,Train
161,20,3,,11120,1,2,0,3,0,1,0,24,2,2,0,2,6,6,1984,1984,1,1,9,10,3,0.0,3,4,2,2,3,3,1,660,5,0,572,1232,1,4,1,4,1232,0,0,1232,0,0,2,0,3,1,3,6,6,0,5,1,1984.0,2,2,516,4,4,2,0,0,0,0,0,0,3,4,4,0,6,2008,8,4,162500,Train
169,60,3,62.0,8244,1,2,0,3,0,4,0,8,2,2,0,5,7,5,2004,2004,1,1,12,13,3,0.0,2,4,2,2,3,3,5,0,5,0,840,840,1,0,1,4,840,880,0,1720,0,0,2,1,3,1,2,7,6,1,2,1,2004.0,0,2,440,4,4,2,100,48,0,0,0,0,3,4,4,0,5,2007,8,4,183500,Test
212,20,3,83.0,10420,1,2,3,3,0,0,0,7,2,2,0,2,6,5,2009,2009,1,1,12,13,3,0.0,3,4,2,2,3,2,2,36,5,0,1176,1212,1,0,1,4,1212,0,0,1212,0,0,2,0,3,1,2,6,6,0,5,1,2009.0,1,2,460,4,4,2,100,22,0,0,0,0,3,4,4,0,3,2010,8,4,186000,Train
217,20,3,65.0,8450,1,2,3,3,0,4,0,5,2,2,0,2,7,5,2004,2004,1,1,12,13,1,266.0,2,4,2,2,3,2,2,946,5,0,490,1436,1,0,1,4,1436,0,0,1436,1,0,2,0,3,1,2,8,6,0,5,1,2004.0,2,2,484,4,4,2,139,98,0,0,0,0,3,4,4,0,4,2008,8,4,210000,Train
235,60,3,,7851,1,2,3,3,0,4,0,8,2,2,0,5,6,5,2002,2002,1,1,12,13,3,,2,4,2,2,3,3,2,625,5,0,235,860,1,0,1,4,860,1100,0,1960,1,0,2,1,4,1,2,8,6,2,4,3,2002.0,0,2,440,4,4,2,288,48,0,0,0,0,3,4,4,0,5,2010,8,4,216500,Train
245,60,3,,8880,1,2,0,3,0,4,0,20,2,2,0,5,7,5,1994,2002,1,1,12,13,3,0.0,2,4,2,2,3,3,2,695,5,0,253,948,1,0,1,4,1222,888,0,2110,1,0,2,1,3,1,2,8,6,2,1,1,1994.0,1,2,463,4,4,2,0,130,0,0,0,0,3,4,4,0,5,2010,8,4,205000,Test
249,60,3,72.0,11317,1,2,3,3,0,4,0,5,2,2,0,5,7,5,2003,2003,1,1,12,13,1,101.0,2,4,2,2,3,3,5,0,5,0,840,840,1,0,1,4,840,828,0,1668,0,0,2,1,3,1,2,8,6,0,5,1,2003.0,1,2,500,4,4,2,144,68,0,0,0,0,3,4,4,0,9,2007,8,4,180000,Train
253,60,3,65.0,8366,1,2,0,3,0,4,0,20,2,2,0,5,6,5,2004,2004,1,1,12,13,3,0.0,2,4,2,2,3,3,5,0,5,0,798,798,1,0,1,4,798,842,0,1640,0,0,2,1,3,1,2,6,6,0,5,1,2004.0,1,2,520,4,4,2,138,45,0,0,0,0,3,4,4,0,12,2008,8,4,173000,Train
256,60,3,66.0,8738,1,2,0,3,0,4,0,8,2,2,0,5,7,5,1999,1999,1,1,12,13,1,302.0,2,4,2,2,3,3,5,0,5,0,975,975,1,0,1,4,1005,1286,0,2291,0,0,2,1,4,1,2,8,6,1,4,3,1999.0,0,2,429,4,4,2,192,0,0,0,0,0,3,4,4,0,2,2006,8,4,230000,Train
273,60,3,92.0,11764,1,2,0,3,0,1,0,15,2,2,0,5,8,7,1999,2007,1,1,12,13,1,348.0,2,4,2,2,3,3,2,524,5,0,628,1152,1,0,1,4,1164,1106,0,2270,0,0,2,1,4,1,2,9,6,1,2,1,1999.0,0,3,671,4,4,2,132,57,0,0,0,0,3,4,4,0,4,2010,8,4,290000,Train
275,20,3,76.0,8314,1,2,3,3,0,0,0,11,2,2,0,2,5,7,1982,1982,1,1,6,7,3,0.0,3,4,1,3,3,1,0,546,5,0,270,816,1,4,1,4,816,0,0,816,0,0,1,0,2,1,3,5,6,0,5,1,1982.0,2,1,264,4,4,2,168,0,0,0,0,0,3,4,4,0,6,2007,8,4,124500,Test
302,60,3,66.0,16226,1,2,2,3,0,4,0,5,2,2,0,5,8,5,1998,1999,1,1,12,13,3,0.0,2,4,2,2,3,3,2,281,5,0,747,1028,1,0,1,4,1210,1242,0,2452,0,0,2,1,4,1,2,9,6,1,4,3,1998.0,0,2,683,4,4,2,208,50,0,0,0,0,3,4,4,0,5,2007,8,4,267000,Train
306,20,3,80.0,10386,1,2,3,3,0,4,0,5,2,2,0,2,8,5,2004,2005,1,1,5,5,2,246.0,2,4,2,2,3,3,2,1464,5,0,536,2000,1,0,1,4,2000,0,0,2000,1,0,2,0,3,1,2,8,6,0,5,1,2004.0,0,3,888,4,4,2,168,0,0,0,0,0,3,4,4,0,7,2007,8,4,305900,Train
309,30,3,,12342,1,2,0,3,0,4,0,7,2,2,0,2,4,5,1940,1950,1,1,12,13,3,0.0,3,4,1,3,3,3,1,262,5,0,599,861,1,0,1,4,861,0,0,861,0,0,1,0,1,1,3,4,6,0,5,5,1961.0,2,2,539,4,4,2,158,0,0,0,0,0,3,4,4,0,3,2009,8,4,82500,Train
311,60,3,,7685,1,2,0,3,0,4,0,8,2,2,0,5,6,5,1993,1994,1,1,6,6,1,112.0,3,4,2,2,3,3,0,518,5,0,179,697,1,2,1,4,697,804,0,1501,0,0,2,1,3,1,2,6,6,1,4,1,1993.0,0,2,420,4,4,2,190,63,0,0,0,0,3,4,4,0,5,2006,8,4,165600,Test
316,60,3,71.0,7795,1,2,0,3,0,4,0,8,2,2,0,5,7,5,2004,2005,1,1,12,13,3,0.0,2,4,2,2,3,3,2,425,5,0,291,716,1,0,1,4,716,716,0,1432,1,0,2,1,3,1,2,6,6,1,2,1,2004.0,0,2,432,4,4,2,100,51,0,0,0,0,3,4,4,0,7,2009,8,4,188500,Train
332,20,3,70.0,8176,1,2,3,3,0,4,0,12,2,2,0,2,5,6,1958,1992,1,1,13,14,3,0.0,3,4,1,3,3,3,4,846,5,0,210,1056,1,1,1,4,1056,0,0,1056,1,0,1,0,3,1,3,6,6,0,5,1,1958.0,1,1,308,4,4,2,0,0,0,0,0,0,3,4,4,0,8,2007,8,4,139000,Train
335,60,3,59.0,9042,1,2,0,3,0,4,0,8,2,2,0,5,6,5,1998,1998,1,1,12,13,3,0.0,3,4,2,2,3,1,2,828,5,0,115,943,1,2,1,4,943,695,0,1638,1,0,2,1,3,1,3,7,6,2,4,1,1998.0,0,2,472,4,4,2,100,38,0,0,0,0,3,4,4,0,7,2008,8,4,192000,Train
341,60,3,85.0,14191,1,2,3,3,0,4,0,23,2,2,0,5,8,5,2002,2002,1,1,12,13,3,0.0,2,4,2,2,3,3,5,0,5,0,967,967,1,0,1,4,993,915,0,1908,0,0,2,1,4,1,2,9,6,0,5,1,2002.0,0,2,431,4,4,2,135,0,0,0,0,0,3,4,4,0,4,2010,8,4,202900,Train
357,20,3,,9248,1,2,0,3,0,4,0,8,2,2,0,2,6,6,1992,1992,1,1,6,6,1,106.0,3,4,2,2,3,3,2,560,5,0,598,1158,1,2,1,4,1167,0,0,1167,1,0,2,0,3,1,2,6,6,0,5,1,1992.0,1,2,400,4,4,2,120,26,0,0,0,0,3,4,4,0,7,2009,8,4,173000,Train
369,20,3,78.0,7800,1,2,3,3,0,4,0,12,2,2,0,2,5,6,1954,1954,1,1,6,6,1,200.0,3,4,2,3,3,3,3,540,5,0,728,1268,1,2,1,4,1268,0,0,1268,0,0,1,0,2,1,3,7,6,1,2,1,1954.0,0,1,244,4,4,2,0,98,0,0,0,0,3,4,4,0,3,2010,8,4,132000,Train
371,60,3,,8121,1,2,0,3,0,4,0,8,2,2,0,5,6,5,2000,2000,1,1,12,13,3,0.0,3,4,2,2,3,3,5,0,5,0,953,953,1,0,1,4,953,711,0,1664,0,0,2,1,3,1,3,7,6,1,4,1,2000.0,1,2,460,4,4,2,100,40,0,0,0,0,3,4,4,0,1,2006,8,4,172400,Train
375,60,3,65.0,8200,1,2,3,3,0,4,0,5,2,2,0,5,7,5,2003,2004,1,1,12,13,3,0.0,2,4,2,2,3,3,5,0,5,0,847,847,1,0,1,4,847,1081,0,1928,0,0,2,1,4,1,2,8,6,1,2,3,2003.0,0,2,434,4,4,2,100,48,0,0,0,0,3,4,4,0,7,2007,8,4,219500,Test
389,20,3,93.0,9382,1,2,0,3,0,1,0,5,2,2,0,2,7,5,1999,2000,1,1,12,13,1,125.0,2,4,2,2,3,3,5,0,5,0,1468,1468,1,0,1,4,1479,0,0,1479,0,0,2,0,3,1,2,6,6,0,5,1,1999.0,1,2,577,4,4,2,120,25,0,0,0,0,3,4,4,0,7,2008,8,4,191000,Train
405,60,3,,10364,1,2,0,3,0,4,0,8,2,2,0,5,6,5,1995,1996,1,1,8,8,3,0.0,3,4,2,2,3,3,5,0,5,0,806,806,1,2,1,4,806,766,0,1572,0,0,2,1,3,1,3,7,6,1,4,3,1995.0,0,2,373,4,4,2,0,40,0,0,0,0,3,4,4,0,5,2007,8,4,168000,Train
434,60,3,100.0,10839,1,2,0,3,0,0,0,8,2,2,0,5,6,5,1997,1998,1,1,12,13,3,0.0,3,4,2,2,3,3,5,0,5,0,926,926,1,0,1,4,926,678,0,1604,0,0,2,1,3,1,3,7,6,1,4,1,1997.0,0,2,470,4,4,2,0,36,0,0,0,0,3,4,4,0,7,2008,8,4,181000,Test
448,60,3,,11214,1,2,0,3,0,0,0,8,2,2,0,5,7,5,1998,1999,1,1,12,13,3,0.0,2,4,2,2,3,3,5,0,5,0,930,930,1,2,1,4,956,930,0,1886,0,0,2,1,4,1,2,10,6,1,4,1,1998.0,0,2,431,4,4,2,89,0,0,0,0,0,3,4,4,0,7,2006,8,4,199900,Train
469,20,3,98.0,11428,1,2,0,3,0,4,0,16,2,2,0,2,8,5,2006,2006,1,1,12,13,2,248.0,2,4,2,2,3,3,5,0,5,0,1626,1626,1,0,1,4,1634,0,0,1634,0,0,2,0,3,1,2,7,6,1,2,1,2006.0,1,3,866,4,4,2,0,44,0,0,0,0,3,4,4,0,5,2007,8,4,250000,Train
507,60,3,80.0,9554,1,2,0,3,0,4,0,20,2,2,0,5,8,5,1993,1994,1,1,12,13,1,125.0,2,4,2,2,3,3,2,380,5,0,397,777,1,0,1,4,1065,846,0,1911,0,0,2,1,3,1,2,8,6,1,4,1,1993.0,1,2,471,4,4,2,182,81,0,0,0,0,3,4,4,0,9,2006,8,4,215000,Train
542,60,3,,11000,1,2,3,3,0,2,0,15,2,2,0,5,8,5,2000,2000,1,1,12,13,1,72.0,2,4,2,2,3,3,5,0,5,0,969,969,1,0,1,4,997,1288,0,2285,0,0,2,1,4,1,2,8,6,1,4,3,2000.0,0,3,648,4,4,2,0,56,0,0,0,0,3,4,4,0,6,2007,8,4,248000,Train
555,60,3,85.0,10625,1,2,3,3,0,4,0,16,2,2,0,5,7,5,2003,2004,1,1,12,13,1,292.0,2,4,2,2,3,3,2,866,5,0,132,998,1,0,1,4,1006,1040,0,2046,1,0,2,1,3,1,2,8,6,1,2,3,2003.0,1,3,871,4,4,2,320,62,0,0,0,0,3,4,4,0,8,2008,8,4,284000,Test
565,60,3,,13346,1,2,0,3,0,1,0,15,2,2,0,5,7,5,1992,2000,1,1,6,6,3,0.0,2,4,2,2,3,3,2,728,5,0,367,1095,1,0,1,4,1166,1129,0,2295,1,0,2,1,4,1,2,9,6,1,4,1,1992.0,1,2,590,4,4,2,0,40,0,0,0,0,3,4,4,0,7,2006,8,4,268000,Train
568,20,3,70.0,10171,1,2,0,3,0,4,0,16,2,2,0,2,7,5,2004,2004,1,1,12,13,1,168.0,2,4,2,2,3,3,2,2,5,0,1515,1517,1,0,1,4,1535,0,0,1535,0,0,2,0,3,1,2,7,6,0,5,1,2004.0,1,2,532,4,4,2,0,0,0,0,0,0,3,4,4,0,3,2010,8,4,214000,Test
574,80,3,76.0,9967,1,2,0,3,0,4,0,8,2,2,0,7,7,5,2000,2000,1,1,12,13,3,0.0,3,4,2,2,3,3,5,0,5,0,384,384,1,0,1,4,774,656,0,1430,0,0,2,1,3,1,3,8,6,1,4,3,2000.0,1,2,400,4,4,2,100,0,0,0,0,0,3,4,4,0,12,2007,8,4,170000,Train
591,60,3,64.0,8320,1,2,3,3,0,4,0,5,2,2,0,5,7,5,2004,2004,1,1,12,13,3,0.0,2,4,2,2,3,3,2,490,5,0,280,770,1,0,1,4,770,812,0,1582,0,0,2,1,3,1,2,6,6,0,5,1,2004.0,1,2,520,4,4,2,0,45,0,0,0,0,3,4,4,0,9,2008,8,4,185900,Test
605,20,3,88.0,12803,1,2,0,3,0,4,0,5,2,2,0,2,7,5,2002,2002,1,1,12,13,1,99.0,2,4,2,2,3,2,2,922,5,0,572,1494,1,0,1,4,1494,0,0,1494,1,0,2,0,3,1,2,6,6,1,4,1,2002.0,1,2,530,4,4,2,192,36,0,0,0,0,3,4,4,0,9,2008,8,4,221000,Train
617,60,3,,7861,1,2,0,3,0,4,0,8,2,2,0,5,6,5,2002,2003,1,1,12,13,3,0.0,2,4,2,2,3,3,2,457,5,0,326,783,1,0,1,4,807,702,0,1509,1,0,2,1,3,1,2,7,6,1,2,1,2002.0,0,2,393,4,4,2,100,75,0,0,0,0,3,4,4,0,6,2006,8,4,183200,Train
623,20,3,71.0,7064,1,2,3,3,0,4,0,19,2,2,0,2,5,6,1977,1977,1,1,9,10,1,153.0,3,4,1,3,3,3,1,560,5,0,420,980,1,4,1,4,980,0,0,980,0,0,1,0,3,1,3,6,6,0,5,5,1986.0,2,2,484,4,4,2,192,0,0,0,0,0,3,4,4,0,7,2009,8,4,135000,Train
653,60,3,70.0,8750,1,2,3,3,0,4,0,5,2,2,0,5,7,5,1996,1996,1,1,12,13,3,0.0,2,4,2,2,3,3,5,0,5,0,880,880,1,0,1,4,909,807,0,1716,0,0,2,1,2,1,2,7,6,1,4,1,1996.0,1,2,512,4,4,2,0,120,0,0,0,0,3,4,4,0,7,2009,8,4,191000,Train
666,60,3,106.0,11194,1,2,0,3,0,0,0,8,2,2,0,5,8,5,2000,2000,1,1,12,13,1,40.0,2,4,2,2,3,3,5,0,5,0,1406,1406,1,0,1,4,1454,482,0,1936,0,0,2,1,3,1,2,7,6,1,4,1,2000.0,1,2,504,4,4,2,188,124,0,0,0,0,3,4,4,0,11,2006,8,4,230500,Train
668,20,3,65.0,8125,1,2,3,3,0,4,0,20,2,2,0,2,6,5,1994,1998,1,1,6,6,1,258.0,3,4,2,2,3,3,2,1138,5,0,270,1408,1,0,1,4,1679,0,0,1679,1,0,2,0,3,1,2,7,6,1,1,1,1994.0,1,2,575,4,4,2,224,42,0,0,0,0,3,4,4,0,10,2008,8,4,193500,Train
671,60,3,64.0,8633,1,2,3,3,0,2,0,5,2,2,0,5,6,5,2005,2005,1,1,12,13,3,0.0,2,4,2,2,3,3,2,193,5,0,545,738,1,0,1,4,738,738,0,1476,1,0,2,1,3,1,2,7,6,0,5,1,2005.0,0,2,540,4,4,2,100,35,0,0,0,0,3,4,4,0,2,2009,8,4,173500,Test
673,20,3,,11250,1,2,0,3,0,4,0,24,2,2,0,2,6,6,1977,1977,1,1,9,10,3,0.0,2,4,1,2,3,3,0,767,5,0,441,1208,1,4,1,4,1208,0,0,1208,1,0,1,1,3,1,3,6,6,1,4,1,1977.0,1,2,546,4,4,2,198,42,0,0,0,0,3,4,4,0,6,2006,8,4,165000,Test
685,60,3,58.0,16770,1,2,1,3,0,1,0,15,2,2,0,5,7,5,1998,1998,1,1,12,13,1,30.0,2,4,2,2,3,3,5,0,5,0,1195,1195,1,2,1,4,1195,644,0,1839,0,0,2,1,4,1,3,7,6,0,5,1,1998.0,0,2,486,4,4,2,0,81,0,0,0,0,3,4,4,0,6,2010,8,4,221000,Train
720,20,3,69.0,9920,1,2,0,3,0,4,0,5,2,2,0,2,5,6,1969,1969,1,1,6,10,3,0.0,3,4,1,2,3,1,0,523,5,0,448,971,1,4,1,4,971,0,0,971,0,0,1,1,3,1,3,5,6,1,3,1,1969.0,2,1,300,4,4,2,0,0,0,0,0,0,3,4,4,0,5,2006,8,4,128500,Train
740,60,3,65.0,9313,1,2,0,3,0,4,0,5,2,2,0,5,7,5,2004,2004,1,1,12,13,3,0.0,2,4,2,2,3,3,5,0,5,0,864,864,1,0,1,4,864,864,0,1728,0,0,2,1,3,1,2,7,6,0,5,1,2004.0,1,2,572,4,4,2,187,56,0,0,0,0,3,4,4,0,4,2009,8,4,190000,Train
747,60,3,,8795,1,2,0,3,0,4,0,8,2,2,0,5,7,5,2000,2000,1,1,12,13,3,0.0,2,4,2,2,3,3,2,300,5,0,652,952,1,0,1,4,980,1276,0,2256,0,0,2,1,4,1,2,8,6,1,4,3,2000.0,0,2,554,4,4,2,224,54,0,0,0,0,3,4,4,0,4,2009,8,4,236000,Test
783,20,3,67.0,16285,1,2,1,3,0,4,0,5,2,2,0,2,7,5,2001,2002,1,1,12,13,3,0.0,2,4,2,2,3,3,5,0,5,0,1413,1413,1,0,1,4,1430,0,0,1430,0,0,2,0,3,1,2,6,6,0,5,1,2001.0,1,2,605,4,4,2,0,33,0,0,0,0,3,4,4,0,6,2009,8,4,187100,Test
788,60,3,76.0,10142,1,2,0,3,0,4,0,20,2,2,0,5,7,5,2004,2004,1,1,12,13,3,0.0,2,4,2,2,3,3,2,656,5,0,300,956,1,0,1,4,956,1128,0,2084,1,0,2,1,4,1,2,8,6,0,5,3,2004.0,1,2,618,4,4,2,0,45,0,0,0,0,3,4,4,0,1,2010,8,4,233000,Train
821,60,3,72.0,7226,1,2,0,3,0,1,0,5,2,2,0,5,7,5,2003,2003,1,1,12,13,3,0.0,2,4,2,2,3,3,5,0,5,0,798,798,1,0,1,4,798,842,0,1640,0,0,2,1,3,1,2,6,6,0,5,1,2003.0,1,2,595,4,4,2,0,45,0,0,0,0,3,4,4,0,6,2008,8,4,183000,Train
828,20,3,65.0,8529,1,2,0,3,0,4,0,20,2,2,0,2,7,5,2001,2001,1,1,12,13,3,0.0,2,4,2,2,3,3,2,20,5,0,1434,1454,1,0,1,4,1434,0,0,1434,0,0,2,0,3,1,2,6,6,1,4,1,2001.0,1,2,527,4,4,2,290,39,0,0,0,0,3,4,4,0,4,2009,8,4,189000,Train
833,60,3,44.0,9548,1,2,0,3,0,1,0,5,2,2,0,5,7,6,2003,2003,1,1,12,13,1,223.0,2,4,2,2,3,3,2,483,5,0,458,941,1,0,1,4,941,888,0,1829,1,0,2,1,3,1,2,7,6,1,4,1,2003.0,1,2,613,4,4,2,192,39,0,0,0,0,3,4,4,0,1,2010,8,4,237000,Train
839,20,3,75.0,9525,1,2,3,3,0,4,0,5,2,2,0,2,5,6,1995,2006,1,1,12,13,3,0.0,3,4,2,2,3,3,5,0,5,0,1099,1099,1,0,1,4,1099,0,0,1099,0,0,1,1,3,1,2,6,6,0,5,1,1999.0,2,1,352,4,4,2,278,0,0,0,0,0,3,4,4,0,6,2008,8,4,144000,Test
840,50,3,70.0,11767,1,2,3,3,0,4,0,7,2,2,0,0,5,6,1946,1995,1,1,8,8,3,0.0,3,4,1,3,3,3,1,352,5,0,416,768,1,0,1,4,768,432,0,1200,0,0,1,0,3,1,3,6,6,0,5,5,1946.0,2,1,240,4,4,2,0,0,0,0,0,0,3,4,4,0,5,2008,8,4,130500,Train
858,60,3,65.0,8125,1,2,3,3,0,4,0,8,2,2,0,5,6,5,1994,1995,1,1,6,6,3,0.0,3,4,2,2,3,3,5,0,5,0,702,702,1,2,1,4,702,779,0,1481,0,0,2,1,3,1,3,6,6,1,4,1,1994.0,0,2,343,4,4,2,0,36,0,0,0,0,3,4,4,0,3,2009,8,4,174000,Train
872,60,3,70.0,8750,1,2,3,3,0,4,0,5,2,2,0,5,6,5,1998,1998,1,1,12,13,1,116.0,3,4,2,2,3,3,2,505,5,0,299,804,1,0,1,4,804,878,0,1682,0,0,2,1,3,1,2,7,6,0,5,1,1998.0,1,2,523,4,4,2,0,77,0,0,0,0,3,4,4,0,6,2010,8,4,200500,Train
901,20,3,,7340,1,2,0,3,0,4,0,12,2,2,0,2,4,6,1971,1971,1,1,6,6,3,0.0,3,4,1,3,3,3,0,322,5,0,536,858,1,4,1,4,858,0,0,858,0,0,1,0,2,1,3,4,6,0,5,5,1979.0,2,1,684,4,4,2,0,0,0,0,0,0,3,4,4,0,6,2007,8,4,110000,Train
903,60,3,63.0,7875,1,2,3,3,0,4,0,8,2,2,0,5,7,5,2003,2003,1,1,12,13,3,0.0,2,4,2,2,3,3,5,0,5,0,783,783,1,0,1,4,807,702,0,1509,0,0,2,1,3,1,2,8,6,1,2,1,2003.0,0,2,393,4,4,2,0,75,0,0,0,0,3,4,4,0,7,2006,8,4,180000,Train
930,60,3,,13006,1,2,0,3,0,0,0,8,2,2,0,5,7,5,1997,1997,1,1,6,6,1,285.0,3,4,2,2,3,3,5,0,5,0,964,964,1,2,1,4,993,1243,0,2236,0,0,2,1,4,1,2,8,6,1,4,3,1997.0,0,2,642,4,4,2,0,0,0,0,0,0,3,4,4,0,11,2006,8,4,222000,Train
937,20,3,67.0,10083,1,2,3,3,0,4,0,20,2,2,0,2,7,5,2003,2003,1,1,12,13,3,,2,4,2,2,3,3,2,833,5,0,343,1176,1,0,1,4,1200,0,0,1200,1,0,2,0,2,1,2,5,6,0,5,1,2003.0,1,2,555,4,4,2,0,41,0,0,0,0,3,4,4,0,8,2009,8,4,184900,Train
938,60,3,75.0,9675,1,2,3,3,0,4,0,21,2,2,0,5,7,5,2005,2005,1,1,12,13,3,0.0,2,4,2,2,3,2,2,341,5,0,772,1113,1,0,1,4,1113,858,0,1971,0,0,2,1,3,1,2,8,6,1,2,1,2005.0,1,2,689,4,4,2,0,48,0,0,0,0,3,4,4,0,2,2009,8,4,253000,Test
949,60,3,65.0,14006,1,2,0,3,0,4,0,5,2,2,0,5,7,5,2002,2002,1,1,12,13,1,144.0,2,4,2,2,3,4,5,0,5,0,936,936,1,0,1,4,936,840,0,1776,0,0,2,1,3,1,2,7,6,1,4,1,2002.0,1,2,474,4,4,2,144,96,0,0,0,0,3,4,4,0,2,2006,8,4,192500,Test
959,20,3,65.0,8450,1,2,3,3,0,4,0,5,2,2,0,2,7,5,2003,2003,1,1,12,13,3,0.0,2,4,2,2,3,2,2,699,5,0,638,1337,1,0,1,4,1337,0,0,1337,1,0,2,0,3,1,2,6,6,0,5,1,2003.0,1,2,531,4,4,2,0,39,0,0,0,0,3,4,4,0,10,2007,8,4,185000,Test
965,60,3,80.0,11316,1,2,3,3,0,0,0,23,2,2,0,5,7,5,2002,2003,1,1,12,13,1,44.0,2,4,2,2,3,3,2,624,5,0,193,817,1,0,1,4,824,1070,0,1894,1,0,2,1,4,1,2,8,6,1,2,3,2002.0,0,2,510,4,4,2,0,40,0,0,0,0,3,4,4,0,2,2010,8,4,214900,Train
984,60,3,,11250,1,2,3,3,0,0,0,5,2,2,0,5,8,5,2002,2002,1,1,5,5,3,0.0,2,4,2,2,3,2,5,0,5,0,1128,1128,1,0,1,4,1149,1141,0,2290,0,0,2,1,4,1,2,9,6,1,2,1,2002.0,2,2,779,4,4,2,0,0,0,0,0,0,3,4,4,0,5,2008,8,4,255900,Train
1016,60,3,70.0,8400,1,2,3,3,0,4,0,14,2,2,0,5,8,6,2001,2001,1,1,12,13,3,0.0,2,4,2,2,3,3,2,643,5,0,167,810,1,0,1,4,810,855,0,1665,1,0,2,1,3,1,2,6,6,0,5,1,2001.0,0,2,528,4,4,2,0,45,0,0,0,0,3,4,4,0,11,2009,8,4,227000,Train
1019,80,3,,10784,1,2,0,3,0,2,0,8,2,2,0,7,7,5,1991,1992,1,1,6,6,1,76.0,2,4,2,2,3,3,5,0,5,0,384,384,1,2,1,4,802,670,0,1472,0,0,2,1,3,1,2,7,6,1,4,1,1991.0,1,2,402,4,4,2,164,0,0,0,0,0,3,4,4,0,5,2007,8,4,160000,Test
1021,20,3,60.0,7024,1,2,3,3,0,4,0,7,2,2,0,2,4,5,2005,2005,1,1,12,13,3,0.0,3,4,2,2,3,3,2,1024,5,0,108,1132,1,0,1,4,1132,0,0,1132,1,0,1,1,2,1,2,5,6,0,5,1,2005.0,0,2,451,4,4,2,252,64,0,0,0,0,3,4,4,0,6,2008,8,4,176000,Train
1034,20,3,,8125,1,2,3,3,0,4,0,5,2,2,0,2,7,5,2002,2002,1,1,12,13,2,295.0,2,4,2,2,3,3,2,986,5,0,668,1654,1,0,1,4,1654,0,0,1654,1,0,2,0,3,1,2,6,6,0,5,1,2002.0,2,3,900,4,4,2,0,136,0,0,0,0,3,4,4,0,2,2006,8,4,230000,Test
1055,60,3,90.0,11367,1,2,3,3,0,0,0,5,2,2,0,5,8,5,2002,2002,1,1,12,13,1,210.0,2,4,2,2,3,2,2,932,5,0,133,1065,1,0,1,4,1091,898,0,1989,1,0,2,1,3,1,2,7,6,1,2,1,2002.0,0,2,586,4,4,2,199,60,0,0,0,0,3,4,4,0,11,2006,8,4,255000,Test
1067,60,3,59.0,7837,1,2,0,3,0,4,0,8,2,2,0,5,6,7,1993,1994,1,1,12,13,3,0.0,2,4,2,2,3,3,5,0,5,0,799,799,1,2,1,4,799,772,0,1571,0,0,2,1,3,1,3,7,6,1,4,1,1993.0,1,2,380,4,4,2,0,40,0,0,0,0,3,4,4,0,5,2009,8,4,178000,Train
1080,20,3,65.0,8775,1,2,3,3,0,4,0,5,2,2,0,2,5,5,1994,1994,1,1,12,13,3,0.0,3,4,2,2,3,3,2,495,5,0,495,990,1,2,1,4,990,0,0,990,0,0,1,0,3,1,3,5,6,0,5,1,1996.0,2,1,299,4,4,2,0,64,0,0,0,0,3,4,4,0,4,2007,8,4,126000,Train
1083,20,3,70.0,8749,1,2,3,3,0,4,0,5,2,2,0,2,7,5,2002,2002,1,1,12,13,1,100.0,2,4,2,2,3,3,5,0,5,0,1459,1459,1,0,1,4,1459,0,0,1459,0,0,2,0,3,1,2,6,6,1,2,1,2002.0,1,2,527,4,4,2,192,39,0,0,0,0,3,4,4,0,9,2007,8,4,192000,Train
1085,60,3,,13031,1,2,1,3,0,0,0,8,2,2,0,5,6,5,1995,1996,1,1,6,6,3,0.0,3,4,2,2,3,3,0,592,5,0,99,691,1,2,1,4,691,807,0,1498,0,0,2,1,3,1,3,6,6,1,4,1,1995.0,0,2,409,4,4,2,315,44,0,0,0,0,3,4,4,0,7,2006,8,4,187500,Train
1096,20,3,78.0,9317,1,2,0,3,0,4,0,5,2,2,0,2,6,5,2006,2006,1,1,12,13,3,0.0,2,4,2,2,3,3,2,24,5,0,1290,1314,1,2,1,4,1314,0,0,1314,0,0,2,0,3,1,2,6,6,1,2,1,2006.0,1,2,440,4,4,2,0,22,0,0,0,0,3,4,4,0,3,2007,8,4,176432,Train
1111,60,3,,8000,1,2,3,3,0,4,0,8,2,2,0,5,6,5,1995,1996,1,1,6,6,3,0.0,3,4,2,2,3,3,2,219,5,0,554,773,1,2,1,4,773,885,0,1658,1,0,2,1,3,1,3,8,6,1,4,1,1995.0,0,2,431,4,4,2,224,84,0,0,0,0,3,4,4,0,6,2008,8,4,188000,Train
1114,20,3,66.0,8923,1,2,3,3,0,4,0,12,2,2,0,2,5,7,1953,2006,1,1,13,14,3,0.0,3,4,1,3,3,3,1,643,5,0,365,1008,1,2,1,4,1008,0,0,1008,1,0,1,0,2,1,2,6,6,0,5,1,1953.0,2,1,240,4,4,2,0,18,0,0,0,0,3,4,4,0,5,2007,8,4,134500,Test
1125,80,3,,9125,1,2,0,3,0,4,0,8,2,2,0,7,7,5,1992,1992,1,1,6,6,1,170.0,3,4,2,2,3,3,5,0,5,0,384,384,1,2,1,4,812,670,0,1482,0,0,2,1,3,1,2,7,6,1,4,1,1992.0,0,2,392,4,4,2,100,25,0,0,0,0,3,4,4,0,7,2007,8,4,163900,Train
1134,60,3,80.0,9828,1,2,0,3,0,4,0,20,2,2,0,5,8,5,1995,1995,1,1,12,13,3,0.0,2,4,2,2,3,3,2,584,5,0,544,1128,1,0,1,4,1142,878,0,2020,0,0,2,1,3,1,2,8,6,1,4,1,1995.0,1,2,466,4,4,2,0,155,0,0,0,0,3,4,4,0,6,2009,8,4,239500,Test
1147,20,3,,11200,1,2,3,3,0,4,0,20,2,2,0,2,6,5,1985,1985,1,1,13,15,1,85.0,2,4,1,2,3,3,2,1258,5,0,40,1298,1,4,1,4,1298,0,0,1298,1,0,2,0,3,1,2,5,6,1,4,1,1985.0,2,2,403,4,4,2,165,26,0,0,0,0,3,4,4,0,5,2006,8,4,180000,Train
1163,20,3,109.0,8724,1,2,3,3,0,4,0,19,2,2,0,2,5,5,1968,1968,1,1,12,13,3,0.0,3,4,1,2,3,3,1,492,5,0,402,894,1,2,1,4,894,0,0,894,0,0,1,0,3,1,3,5,6,1,3,1,1968.0,0,2,450,4,4,2,0,0,0,0,0,0,3,4,4,0,5,2007,8,4,129000,Train
1189,60,3,68.0,8935,1,2,0,3,0,4,0,5,2,2,0,5,7,5,2002,2002,1,1,12,13,1,95.0,2,4,2,2,3,3,5,0,5,0,831,831,1,0,1,4,831,829,0,1660,0,0,2,1,3,1,2,7,6,0,5,1,2002.0,1,2,493,4,4,2,144,68,0,0,0,0,3,4,4,0,7,2009,8,4,195000,Train
1190,60,3,60.0,7500,1,2,3,3,0,4,0,8,2,2,0,5,7,5,1999,1999,1,1,12,13,3,0.0,3,4,2,3,3,3,5,0,5,0,994,994,1,2,1,4,1028,776,0,1804,0,0,2,1,3,1,2,7,6,1,4,1,1999.0,0,2,442,4,4,2,140,60,0,0,0,0,3,4,4,0,6,2010,8,4,189000,Train
1196,60,3,51.0,8029,1,2,0,3,0,4,0,8,2,2,0,5,6,5,2005,2005,1,1,12,13,3,0.0,3,4,2,2,3,3,5,0,5,0,728,728,1,0,1,4,728,728,0,1456,0,0,2,1,3,1,2,8,6,0,5,1,2005.0,0,2,400,4,4,2,100,24,0,0,0,0,3,4,4,0,7,2008,8,4,176000,Train
1199,20,3,70.0,9100,1,2,3,3,0,4,0,5,2,2,0,2,7,5,2001,2001,1,1,12,13,3,0.0,2,4,2,2,3,3,5,0,5,0,1212,1212,1,0,1,4,1212,0,0,1212,0,0,2,0,3,1,2,6,6,0,5,1,2001.0,1,2,573,4,4,2,356,0,0,0,0,0,3,4,4,0,6,2009,8,4,178000,Train
1200,20,3,75.0,11235,1,2,3,3,0,4,0,19,2,2,0,2,4,5,1963,1979,1,1,6,6,1,51.0,3,4,1,3,3,3,4,547,5,0,504,1051,1,2,1,4,1382,0,0,1382,0,0,1,1,3,1,3,6,6,1,3,1,1974.0,2,2,459,4,4,2,0,82,0,0,0,0,3,4,4,0,10,2006,8,4,148000,Train
1238,60,3,41.0,12393,1,2,1,3,0,2,0,5,2,2,0,5,7,5,2004,2005,1,1,12,13,3,0.0,2,4,2,2,3,3,5,0,5,0,847,847,1,0,1,4,847,1101,0,1948,0,0,2,1,4,1,2,8,6,1,2,3,2004.0,0,2,434,4,4,2,100,48,0,0,0,0,3,4,4,0,9,2006,8,4,195000,Train
1241,60,3,65.0,8158,1,2,3,3,0,4,0,5,2,2,0,5,7,5,2003,2003,1,1,12,13,1,252.0,2,4,2,2,3,3,2,550,5,0,334,884,1,0,1,4,884,884,0,1768,1,0,2,1,3,1,2,8,6,0,5,1,2003.0,1,2,543,4,4,2,0,63,0,0,0,0,3,4,4,0,7,2008,8,4,224900,Test
1255,60,3,60.0,6931,1,2,3,3,0,4,0,7,2,2,0,5,7,5,2003,2004,1,1,12,13,2,92.0,2,4,2,2,3,3,5,0,5,0,746,746,1,0,1,4,760,896,0,1656,0,0,2,1,3,1,2,7,6,1,2,3,2003.0,0,2,397,4,4,2,178,128,0,0,0,0,3,4,4,0,7,2008,8,4,165400,Train
1259,80,3,59.0,9587,1,2,0,3,0,4,0,8,2,2,0,7,7,5,2005,2005,1,1,12,13,2,182.0,2,4,2,2,3,1,2,655,5,0,201,856,1,0,1,4,1166,0,0,1166,1,0,2,0,2,1,2,5,6,0,5,1,2005.0,0,2,400,4,4,2,212,0,0,0,0,0,3,4,4,0,7,2008,8,4,190000,Train
1281,20,3,67.0,9808,1,2,0,3,0,4,0,5,2,2,0,2,7,5,2002,2002,1,1,12,13,1,110.0,2,4,2,2,3,3,2,788,5,0,785,1573,1,0,1,4,1573,0,0,1573,1,0,2,0,3,1,2,6,6,0,5,1,2002.0,1,2,544,4,4,2,0,72,0,0,0,0,3,4,4,0,3,2009,8,4,227000,Train
1301,60,3,,10762,1,2,0,3,0,1,0,8,2,2,0,5,7,5,1999,1999,1,1,12,13,3,344.0,2,4,2,2,3,3,2,694,5,0,284,978,1,0,1,4,1005,978,0,1983,0,0,2,1,3,1,2,9,6,1,4,1,1999.0,0,2,490,4,4,2,0,0,0,0,0,0,3,4,4,0,5,2009,8,4,225000,Train
1323,60,3,107.0,10186,1,2,0,3,0,4,0,15,2,2,0,5,7,5,1992,1992,1,1,6,6,3,0.0,2,4,2,2,3,3,2,674,5,0,76,750,1,0,1,4,1061,862,0,1923,1,0,2,1,3,1,2,8,6,1,4,1,1992.0,1,2,564,4,4,2,240,39,0,0,0,0,3,4,4,0,6,2010,8,4,190000,Train
1339,60,3,95.0,13450,1,2,0,3,0,0,0,5,2,2,0,5,7,5,2002,2002,1,1,12,13,3,0.0,2,4,2,2,3,3,2,700,5,0,216,916,1,0,1,4,920,941,0,1861,1,0,2,1,3,1,2,8,6,0,5,3,2002.0,1,2,492,4,4,2,146,91,0,0,0,0,3,4,4,0,6,2006,8,4,200000,Train
1343,60,3,,9375,1,2,3,3,0,4,0,5,2,2,0,5,8,5,2002,2002,1,1,12,13,1,149.0,2,4,2,2,3,3,5,0,5,0,1284,1284,1,0,1,4,1284,885,0,2169,0,0,2,1,3,1,2,7,6,1,2,1,2002.0,1,2,647,4,4,2,192,87,0,0,0,0,3,4,4,0,8,2007,8,4,228500,Train
1358,20,3,,12537,1,2,0,3,0,1,0,12,2,2,0,2,5,6,1971,2008,1,1,12,13,3,0.0,3,4,1,3,3,3,2,734,5,0,344,1078,1,0,1,4,1078,0,0,1078,1,0,1,1,3,1,3,6,6,1,1,1,1971.0,0,2,500,4,4,2,0,0,0,0,0,0,3,4,4,0,4,2010,8,4,149900,Train
1382,20,3,,12925,1,2,0,3,0,0,0,12,2,2,0,2,6,7,1970,1970,1,1,3,10,3,0.0,3,4,1,3,3,2,1,865,5,0,340,1205,1,0,1,4,2117,0,0,2117,0,0,2,1,4,1,3,7,6,2,2,1,1970.0,0,2,550,4,4,2,0,42,0,0,0,0,3,4,4,0,5,2008,8,4,237500,Train
1402,60,3,62.0,7415,1,2,0,3,0,4,0,8,2,2,0,5,6,5,2004,2004,1,1,12,13,3,0.0,3,4,2,3,3,3,2,759,5,0,80,839,1,0,1,4,864,729,0,1593,1,0,2,1,3,1,3,8,6,1,4,1,2004.0,0,2,398,4,4,2,100,75,0,0,0,0,3,4,4,0,4,2008,8,4,193000,Train
1411,60,3,79.0,12420,1,2,3,3,0,4,0,5,2,2,0,5,7,5,2001,2001,1,1,12,13,3,0.0,2,4,2,2,3,3,2,666,5,0,278,944,1,0,1,4,944,896,0,1840,1,0,2,1,3,1,2,6,6,0,5,1,2001.0,1,2,622,4,4,2,0,45,0,0,0,0,3,4,4,0,6,2009,8,4,230000,Test
1434,60,3,93.0,10261,1,2,0,3,0,4,0,8,2,2,0,5,6,5,2000,2000,1,1,12,13,1,318.0,3,4,2,2,3,3,5,0,5,0,936,936,1,0,1,4,962,830,0,1792,1,0,2,1,3,1,3,8,6,1,4,1,2000.0,0,2,451,4,4,2,0,0,0,0,0,0,3,4,4,0,5,2008,8,4,186500,Train
1456,60,3,62.0,7917,1,2,3,3,0,4,0,8,2,2,0,5,6,5,1999,2000,1,1,12,13,3,0.0,3,4,2,2,3,3,5,0,5,0,953,953,1,0,1,4,953,694,0,1647,0,0,2,1,3,1,3,7,6,1,4,1,1999.0,1,2,460,4,4,2,0,40,0,0,0,0,3,4,4,0,8,2007,8,4,175000,Train
